"meantemp","sdtemp","meanTN","sdTN","meanTP","sdTP"
<<<<<<< HEAD
20.3375690607735,3.14605973170916,464.283414364641,262.584687548268,14.3458895027624,9.26547933514207
=======
20.3375690607735,3.14605973170916,464.283414364641,262.584687548269,14.3458895027624,9.26547933514207
>>>>>>> b3c7106116c07efb5453f2e1b6ba3c74dfab9fdd
